{
    "header":{
        "StorageCapacityBytes":"4194304",
        "ServicePackFileLocation":"sp_3.22.0.1_2.7.0.0_2.2.0.7.bin",
        "EnableReturnToFactory":"defaults_and_image",
        "Description":"",
        "Is5GSupport":false,
        "IsGen3":false,
        "IsModule":"0",
        "UseDefaultSP":true,
        "UseDefaultCertStore":false,
        "Name":"cc3220sf_mqtt_client_tirtos",
        "UseKey":0,
        "UseSecBtldr":false,
        "KeyFileLocation":"",
        "ProductionNWP":"1",
        "ReturnToFactoryGPIO":"0",
        "DeviceType":"CC3220SF",
        "Mode":"production",
        "AddClstOta":false,
        "IsTheDeviceSecure":true,
        "UseOtp":false,
        "UseDefaultPlayGroundCatalog":false
    },
    "systemFiles":{
        "FILES":{
            "SystemFileId":"FILES",
            "CSS_FILE_NAME":"certcatalogPlayGround20160911.lst.signed_3220.bin",
            "SP_FILE_NAME":"sp_3.22.0.1_2.7.0.0_2.2.0.7.bin",
            "SM_MCU_NAME":"",
            "CS_FILE_NAME":"certcatalogPlayGround20160911.lst",
            "OTP_NAME":"",
            "SM_MCU_CERT_NAME":""
        },
        "CONFIG_TYPE_IP_CONFIG":{
            "AP_SUBNET_MASK":null,
            "AP_IPV6_DNS_SERVER":null,
            "AP_DEFAULT_GATEWAY":"10.123.45.1",
            "AP_ARP_RENEW_TIME":null,
            "AP_IPV4_DNS_SERVER":"10.123.45.1",
            "STA_DHCP_CLIENT_TIME_OUT":null,
            "STA_IPV4_DNS_SERVER":"192.168.1.31",
            "AP_DHCP_CLIENT_TIME_OUT":null,
            "AP_DHCP_SERVER_LAST_IP_ADDRESS":"10.123.45.254",
            "STA_INACTIVITY_TIME":null,
            "AP_STATIC_IPV6_GLOBAL_ADDRESS":null,
            "STA_IPV6_DNS_SERVER":null,
            "STA_SUBNET_MASK":"255.255.255.0",
            "AP_KEEP_ALIVE_TIME":null,
            "STA_ARP_RENEW_TIME":null,
            "AP_STATIC_IP":"10.123.45.1",
            "STA_STATIC_IPV6_GLOBAL_ADDRESS":null,
            "AP_DNS_CLIENT_TIME":null,
            "AP_IP_MODE":null,
            "STA_DNS_CLIENT_TIME":null,
            "AP_DHCP_SERVER_MODE":null,
            "AP_STATIC_IPV6_LOCAL_ADDRESS":null,
            "STA_DEFAULT_GATEWAY":"192.168.1.31",
            "AP_DHCP_SERVER_START_IP_ADDRESS":"10.123.45.2",
            "STA_IP_MODE":"True",
            "STA_DHCP_SERVER_START_IP_ADDRESS":null,
            "STA_STATIC_IP":"192.168.1.101",
            "SystemFileId":"CONFIG_TYPE_IP_CONFIG",
            "STA_KEEP_ALIVE_TIME":null,
            "STA_STATIC_IPV6_LOCAL_ADDRESS":null,
            "STA_DHCP_SERVER_LAST_IP_ADDRESS":null,
            "AP_INACTIVITY_TIME":null,
            "STA_DHCP_SERVER_MODE":null
        },
        "CONFIG_TYPE_DEVICE_NAME":{
            "DEVICE_URN":"mysimplelink",
            "DOMAIN_NAME":"mysimplelink.net"
        },
        "CONFIG_TYPE_AP":{
            "SSID":"mysimplelink",
            "SECURITY":"0",
            "PASSWORD":"",
            "HIDDEN_SSID":"0",
            "CHANNEL":"1",
            "MAX_STT":"4"
        },
        "CONFIG_TYPE_CSR_DICE_CFG":{
            "CSR_START_DAY":"01",
            "CSR_EMAIL":"",
            "CSR_ISCA":false,
            "CSR_COUNTRY_CODE":"",
            "CSR_ORGANIZATION":"",
            "CSR_START_YEAR":"2013",
            "CSR_END_DAY":"31",
            "CREATE_CSR":false,
            "CSR_LOCALITY":"",
            "CSR_USE_UDID_AS_COMMON_NAME":false,
            "CSR_SURNAME":"",
            "USE_SELF_SIGNED_CERT":false,
            "CSR_VENDOR":false,
            "CSR_STATE":"",
            "CSR_TOKEN":"",
            "SystemFileId":"CONFIG_TYPE_CSR_DICE_CFG",
            "USE_RAND_NUMBER":false,
            "CSR_ORGANIZATION_UNIT":"",
            "CSR_START_MONTH":"01",
            "CSR_CERT_NUMBER":"",
            "CSR_NAME":"",
            "CSR_END_MONTH":"12",
            "ENABLE_DICE":"0",
            "CSR_END_YEAR":"2020"
        },
        "CONFIG_TYPE_HTTP_SRV":{
            "PRIM_PORT_SECURE":false,
            "SEC_PORT_VAL":"8080",
            "ACCESS_ROM":true,
            "PRIVATEKEY_FILE_NAME":"",
            "CERTIFICATE_FILE_NAME":"",
            "ACCESS_CA_CERT":false,
            "SEC_PORT_ENABLE":false,
            "CA_CERTIFICATE_FILE_NAME":"",
            "DEFAULT_CHANGED":false,
            "PRIM_PORT_VAL":"80"
        },
        "CONFIG_TYPE_MAC":{
            "USE_DEFAULT":1,
            "SystemFileId":"CONFIG_TYPE_MAC",
            "MAC_ADDR":"08:00:28:11:22:33"
        },
        "CONFIG_TYPE_DHCP_SRV":{
            "AP_DHCP_SERVER_LAST_IP_ADDRESS":"10.123.45.254",
            "SystemFileId":"CONFIG_TYPE_DHCP_SRV",
            "AP_DHCP_SERVER_START_IP_ADDRESS":"10.123.45.2",
            "AP_DHCP_SERVER_LEASE_TIME":"24"
        },
        "CONFIG_TYPE_STA_CONFIG":{
            "AUTOPROVISIONING":"1",
            "USEFASTCONNECT":"0",
            "AUTOSTART":"1",
            "CONNECTTOANYP2P":"0"
        },
        "CONFIG_TYPE_MODE":{
            "NO_PSPOLL_MODE":false,
            "SL_EVENT_CLASS_NETCFG":0,
            "PROVISIONING_SAVED_ROLE":0,
            "SL_EVENT_CLASS_FS":0,
            "AUTO_PROV_EXTERNAL_CONFIRMATION":"0",
            "PROVISIONING_MODE":2,
            "SL_EVENT_CLASS_WLAN":0,
            "AP_START_APPS":15,
            "SL_EVENT_CLASS_GLOBAL":0,
            "PROVISIONING_STATE":0,
            "Is5GEnabled":false,
            "SL_EVENT_CLASS_BSD":0,
            "PHY_AP_HIGH_TX_POWER":0,
            "P2P_GO_START_APPS":15,
            "COUNTRY_CODE":"EU",
            "PROVISIONING_RESULT":0,
            "STA_START_APPS":5,
            "PROVISIONING_SAVED_AUTO_START":1,
            "SL_EVENT_CLASS_DEVICE":0,
            "AP_TX_POWER_LEVEL":"0",
            "PROVISIONING_MONITOR_TIMER":0,
            "P2P_CLS_START_APPS":5,
            "SystemFileId":"CONFIG_TYPE_MODE",
            "START_ROLE":"2",
            "SL_EVENT_CLASS_NETAPP":0,
            "PHY_CAL_MODE":"0",
            "PHY_STA_HIGH_TX_POWER":0,
            "PROVISIONING_ROLE_AFTER_SUCCESS":0,
            "IGNORE_FORCE_AP":"0",
            "STA_TX_POWER_LEVEL":"0"
        }
    }
}